Name,Address,Amount,TxHash
,0xFDFC436AbB293f65C95D98f941B9fFc72AaDccC9,1.50E+19,0x9893b7c4f0a0c10939e3152edea88b997ed0364a3a3ffe2b429eaf4905ccff18
,0xFe24406C039204A559721d0ab178bE2398D0D5F2,1.00E+19,0x4f1778bf9c6645b30692c33e72e9f6c0acdfd375488684c798d8fc66fc3c5f96
,0xfE226e36CfCc7033d2e5278fa344347B206E1045,1.00E+19,0x073cd93d4ed3e7e525c2f6d6b7e358eac0669758dcfd998cd2f91dcde80c0284
,0xFE376931eFFD0C7dE2F0317ffdBFe99319B13aEC,2.00E+19,0x3a8ed009b569fdba3ef54d419102523bcc9b1751700de6d75e625ed958b67712
,0xFe193EefDc851015AC75cE1dF4a62BB4ab13e317,1.00E+19,0xdef993721d67d0672c0fdd0d7a83ef19ee82fcfd79a7d2ee8206390b0c4d6751
,0xFE0Ae9D744014b4085A2a3E8da6D395D14B06f82,1.00E+19,0xc31d400581c3cb1560fb4bbf834df2826e05c6f6846be8c7d8855451439d30ce
,0xfE043761847cb8780dBd0844a87fDeebBFA644B6,1.50E+19,0xbc86ef75bf476ae162fcece328406b0cfe304e4c79711b59b1e19e7f1ae367bb
,0xfe348eFf161D2620B78dC21DEb20d61cbe2Fc474,1.00E+19,0x173e6d3c084f291600ee468231a20a3a612e6feb379c1f4170cd11950d6dbc19
,0xFE2E07133b53BC9322428710973FCD2817bB490a,1.00E+19,0x14cfe4f16e5e4ebbbeb1ccea42e7593ac32936bec8b004af7996c1931a27e04f
,0xfdB87FCAD1225436Ec6a3169bdc25B22DC3b8e89,1.00E+19,0x6819638a2950bc4c68e13d8f177c3c3ffdfa29cee7f7efd9dd3f817a57fbdfbd
,0xFD9bcF39EbAb390493C06c488A421610bd81b684,3.00E+19,0xed3f5e488afc026e07498f5e9a85149387304b2aae0ae9904f2a1d5893f51066
,0xFd8Da2F972e33553B7c7969aD986207661f01420,1.00E+19,0x71d733c78ac1c7721d10be6676c45f9f91b7a8a5005e90e6e2851a1740c1ca83
,0xFD894bE4Ff3E4fFA485Ed41CD9336bB75c41c3B2,1.00E+19,0x448ee3d71c70dd978b6b29827f3022b0b8ef54cb48ca9a01a460ab7b39cec158
,0xfd7f91afcd29e4442c476e4b6b31ef28d853f1e0,1.00E+19,0x5b5abfc806e678c30e5af24972873175cfbb7f45d39963ea23bf71b06c98316f
,0xfD8aeF7d6387C2CD7AEBD05F1aAdAdcd5A7EC25e,1.00E+19,0x03d7ba28510f83ec2994b93716bff9cd4866f164b54ccf2aeb01613fdd85882d
,0xfd7b8b43abcc84d71f9f6d2996549b7aa3f37ee0,1.00E+19,0x91ccde33527c0b37b6b6e8bace298cdfbc0b3e00660dd0f381c4400850e495ca
,0xfd49a6B29F2649aeFD60496cA8e5E6B740C26993,1.00E+19,0x29febb4ff56894d0b729746e8153c564e7c99526f0aed1c6af8994ffc342c215
,0xFdab1d1AD7C64AA02F2E917f531316B5fb3703e2,1.00E+19,0xbe728862217955e9b6658c568b1683caadc8ec339250dfb7d62c387065bdc49f
,0xFD65d37f2F6657CB52EA016A69d672A5e619cE25,1.00E+19,0x8a52618711fb0c6ebaf433c57deaa235718395537dd21a7a13c4a20f138c439c
,0xFD427017ec74ea9627E669AD2391d22c292eFDf5,1.00E+19,0xcb1d40b7853ac5349fa31faf150ff689840c09b1ae488155cd3c229f65b3b254
,0xFd4fe120888cF358f9969FcCCD8857bc894C17DF,1.00E+19,0x70fa4d098276426a44f19834a266be237a88bb0166340601b6b6b51a1da86ee6
,0xFD461C667c0E4916dE138f43Db97E732F97E23AF,1.00E+19,0x2e6e46c0551b152eddf4b2a65ea001eaee8ac016e9cc3b93446e4bbfc1d8c325
,0xFd5Ee48140abDd709a22De17c628A9C1A24Ad99A,1.00E+19,0xcd8cacd1df1c9edbfd63fa174d8e4b44432269b63bbb11f0c54cd283b8a58823
,0xfD41f6DBDa7098A8361943129A73c8aD99445b1d,1.00E+19,0xd2b2d4239bf011ac1af24c811d8e73acf87431450d99af0e92de8cc67b1c18ab
,0xfd1D5334487099e2c456E19b4dD2A5342bF17d3e,1.00E+19,0xec8568db6b499d89a8ec8550085b957abf904bbc9e92b04f193a7a9c9d62de9d
,0xFDB5BCD071B2aa0E4ae5676344620dDb8b0623ff,1.00E+19,0xa3d16a5db65faf97efa484c87c67ea2a96862729104e06dc103247a76780d184
,0xfd1Fd588F0131a865B90C70b50ee8bDD5Ce9825e,1.00E+19,0x76dc63ab4acae9f882a586d155907139334d1c38d8e5d39c004c8b6076adb736
,0xfd04287fDF6F3D2DbcE52d6DF875f031BC941067,4.00E+19,0xaf29dba84c0245b16cc71f3abbe849a48045d7898182130c7008db93d6a56d06
,0xfd200A4067FA3354ebcD2D462Aa9d8C72c3A03cf,1.00E+19,0xa682ec58242f1563cdd97a2a532a6bdfcbc78ed17406e5cc17ab774890d2b717
,0xfCe6eb3F609Bf229f6327bb05450bc4F69b49d58,1.00E+19,0x33ef6cae8792e73d04c15d897f7a78e148bc291c297f4b7e93d9c68e2d43f631
,0xFD123B83bc03becAb69532A179E824957FFB3AB4,1.00E+19,0x7f828c9aaf517b49627186c84a80e6d616a21aea8120024b29c0eca0330b926f
,0xFC7585dBc5aD32F63315140dFFd317eE920ABdba,1.00E+19,0xdbcebf54b053a6e969260f5b8c393ceba1fb9ad67115fbb77b6e5a1c526c9dab
,0xfca85E5478FB7B9C6e86a9728F1e8443f578ec32,1.00E+19,0xf299c8633e51322c850a551c5892d1952ef3b3f7280e77834e6dd7996005bba6
,0xFD3ad3d4e41367b8b6a4aa0a7AEF11Dc1FC79b52,1.00E+19,0xb4b68b5baea2edbad5c30d1d5e4b64e47464eca2a46c971bfecf85de27350957
,0xfe47E763cCFED7D796ff72b603C78aCE6725E272,1.00E+19,0x12d4abf54b8860a57c939f422ae87ca63f4744bbc707f772cc1907133e032144
,0xfcA4e01DBAa169E41938E9328d543d0102f2B808,1.00E+19,0x31477775fb73961f55990b5ce812f2ad5f242104ad4837db5c046db5b4c03c50
,0xFc5EcF1a5B63c3509ef151067448DF06a2018521,1.00E+19,0x20a2a90cfb437982cb23f44e1005fbc2a62ccabe182edef6d192c578d56c5833
,0xFD179D4b5bfDEA0b9ad4aCaBBCFACAd072F451d1,1.00E+19,0x245456b9b2bb66b59440c14168c88bf152127b19f758cf6847908e36ff5e9e4e
,0xfCc6C459885b0AcB08232abc4d48c54C941c52B0,1.00E+19,0xe3d3edf2d8c467a96de83cfc0edf339d2c6967efdeb516644e11c79b319355c8
,0xFcdc4D80875a7D462FfD0c986cAa21310C6894b5,1.00E+19,0x91ac50d0358f88e2b69a56361dad2388b20424e2979ee022e998b8f7fa0539eb
,0xFd1104BE00e904a759EeC54a9e61B213331813C7,1.00E+19,0xab1b6c8242e64736fd020ec0abecf8bfef2f317c3422f8973a19e88e3570b3bd
,0xfcB7885ecf978ec65Af56da72EE57be428385FDf,1.00E+19,0xf732f87c6ddcf93b301613ae99448b340bf0d8e8ffb0d68f5182a4bfa0b0e4c8
,0xFcb1EAB3cC3B482fCe73f2Db8b880bf7Ce09874d,1.00E+19,0x6e4d7fba2b458d0f681a64936f674b004f99bda2f0772ce573519ec90f5d6fb0
,0xFCB6ab4fE5b1418bb6FCE60d88a8F26C8F16ed26,1.00E+19,0x5b99c188dd16e463e837f8a42efc3cc5cb8940f355627b7450817a26f627bd59
,0xfe0e67241F1330d569204b05c6299d482bFa48D9,1.00E+19,0x6f33d3fbef5233d859319900f4fafff7778f9d5b01c7772d7665d4bd2d58a073
,0xFC885b104D27132ff5EA58CA69F587e5B2133e34,1.00E+19,0x7652a59cf1027c475d51e857dec47accff2b809e0097183f42e47efc41f2bcb6
,0xFc6687126D7c838ca2De4F76c26d51D2F0E9B899,1.00E+19,0xb84508107db6e13fd0430c7b42fb74c35569465e68fb46d6a0eddeb5ee421251
,0xFC5fed0A262adB51882a0BA33dCdbb6690BB25d8,1.00E+19,0xb1639741b0ea57c76372a8bfeac84fd70446e479d22f545435b7cd84c7f17974
,0xfF3C103Bc538540113a373F7289EdAf024bb4fB6,1.50E+19,0xaf2c563fa8432f955851b628bd5021edeaa820c0f7fb0209c2284af1f49ea15f
,0xFc732F40D8996C1258cf4d376d4Ec1d834160A73,1.00E+19,0x5822ddf96aa104100b35657b618f1dea162d3a7803c2469aeda3b3bf07eeb3cb
,0xFf96603afACEd539512be1441AED9A10BA830f43,1.00E+19,0x14e6d0ef4bd48a12e6f599abffd26436a2356fca19e4ee45245242a8840ffd34
,0xffb23842738bA6e846fcd31E3bdea7bc4c5d06a4,1.00E+19,0xd81bcd812c33f33c13ccade96a1eb10b24cb9f3bfd021d30517228b53edeed0b
,0xFf9d9025DAff9bB8732Ac9275D97389c35528Ec9,1.00E+19,0xf06a0387169c7a30268885f6ed030bfaf9dc6d305fd5c5c9d1c71305be12b3f0
,0xfF3E13892C17EDa40E1EB49624787Aa894cC5dFF,1.00E+19,0x4ba8d0778555e89c14313dfb08518b254466a874f2c7620357df0b84e29aa233
,0xfFFcDe5289A1299d2D6A845EC6Ebc51361CE3e6e,1.00E+19,0x8e67a34a22e0d930b8d92e7030a8ca0f053a15ceb0ad12a421538d5542116017
,0xff90D9A974F141FB01fC262223C1f26F61E2799A,1.00E+19,0xc58e46f7300fe47c7b0adfec031b0472cc0843bf1f98a7eadc83edbf59f2c197
,0xfEf81Ec86a05C3285460602C6D6eA1141B538717,1.30E+20,0x604d78d551d944e14b4d41835258cf955e8177b052e2b474dc4bcc432de1112f
,0xFf2EAD9e766a91BD790AEdED333a26BCDb6585F8,1.00E+19,0x6d78b0b7de37e57d924c55b45db986d0c0719b3bcaf904c04eee109924e5e492
,0xFfb3B425d6Afe3b7cE023117727aD7865fd11eCF,1.00E+19,0xf31605ccc08f7388c77fd852c97cc4e7aa4cad7b1a686e0865bdb3bd42942e82
,0xFfCBCE42364d9a1e45BD4825CBE408785AcBf3Cf,1.00E+19,0x6b969795137db210e369c3175b4e50ecc3b198be5683d83c702729399a3df8aa
,0xFF6228ce4b27A71E3EDa5c96AE4c824C09367EA5,1.00E+19,0xc8d399bd5741e0c2e62e2d90eb8c1dd08ceee6a304a43539e35a449542390e94
,0xff0D3124725e474F12EDd82C4AfCb2758df1a646,1.00E+19,0xde16e2864af5c3728fa9480cb703165d92c0c1f48028e90b7d74286de3e78378
,0xfFAF5EC177E5CF0073617C47538801Fa8C3718F2,1.00E+19,0x3b5c338e6d976830537b1782acdb9e39dd3af5d865a730d80537b311cf56eebd
,0x0000898B6FDA4eB258859a7632b9A1CA2EAa58D8,1.00E+19,0x8d455e833a9dc8fe994602c5a6b94f88734241308641cbce44530a659ee1db20
,0xfF064b1E98a2e369c8EDD8433076dbDfBC0d5C13,1.00E+19,0xd9ffa9a9ec543689000efe035dd3ea9bcc6b7fde0ec13e2e8913d8000cbdb537
,0xFef3345Eb0FC494F2cbDf9DA9B566F343d0f5AA8,1.00E+19,0x3a8d6fe1e2f7266e1f42810ac49e365c8c905b53380b358fbdb30e215da7491e
,0xfe833E51DBC399F9C49881abD0a84b38Fd4CfA9c,1.00E+19,0x7d9fbeb52df162af0b789375ad95e753cd5007886348579985884f946f6593a2
,0xff70314fB90d39e574b614242f244C7e6b9a9332,1.00E+19,0xf88a099e8ff93ca18b36523e8c6f6efbed008937e08ed9fc3c32e0bbe6b448a8
,0xFf7823fC23fa03fE401FD32CC2eA67Ee233e606C,5.00E+19,0x562ac90cc25b4173df29a3bfa5606fda036b0152ce3e1d68e7395e9b17a4ec6e
,0xFE9A5D062C59B478469E29ecdea3bf0651D25C43,1.00E+19,0xee040a417ef4b520b3877352b430297bd356880af4edd4ffab5ac72a78389ccc
,0xFe7f995f27D1eF29AA0EEB5Ec02736D715b938EC,1.00E+19,0xc07c4e5a28dd647aa06ea915c0dd5547770339d3e6bf05befa0c2e0ebb239b77
,0xfeceffd008bb9378c6dabf1f17b02092874df7a3,1.00E+19,0x2a3a7a41033067638f830f87e851fe7606a22920491c483d28187871eb86f733
,0xFdde50970e0e881e10c8EE3E27579432150aBEf4,1.00E+19,0x565609cef57f43a734dd3d96cc76c8a13a12dd62f30ee49533f11abd1e84d55b
,0xFeDaeB34EB818aCFb587bDC121aA7d1573f45651,1.00E+19,0x32b0d341c21a6f83040e2103ed6b726053e17f91ba14d63d7ae399f23b90c485
,0xfea2e3c23390b5ffd8658d19a796a2b0fd262e9a,1.00E+19,0x860eec86c33740881545d85df0f7a35b5194780c668f8c82444ff6a5bd6c462c
,0xFE507f04fd31c36c7eFF063E693182AC465093f4,1.00E+19,0x95148cebc76a68b77ae7e6c19405439fff5d8276758c32757a834dc5b6e2eccf
,0xFE749Bc8e80778E3a849B34EDD7D6D4Df38B3D25,1.00E+19,0x43cf7d189276e09b682e016c981002cd0e0242d34ea8e2ccbc582176c3eb830a
,0xfdcd829f25eecc4b0bbb32e072f41c6b0993f890,1.00E+19,0x50d182c2cf32350b9a32d82a6fda5c987d53406c47c31e05e64eb93de35557bf
,0xfe0a3fd1ffc6682d23703ded43bbcf7324ec0929,1.00E+19,0xdd3ca78d431bc22590459f0c27be4acc9bb65d22ec2e4b27275f47bc63aea791
,0xfe7038e3ba39b349b046b9aa6cefc69c9d74bb1f,1.00E+19,0x109af6d689ae5bdb2f6cdf190823a919894640bb1106b8bef4bcde8a73c71cc0
,0xfEe02D2815fde76AC3859688Facb6cab5081c991,1.00E+19,0xa0db92f899d48c2fc4c739a8ea6e4d1553daa97fcf8794dac29ac31688a268c6
,0xfEdCbA1d7D3925D093ec8Db2b9aF8b4AB124ba90,1.00E+19,0x4abc7d75187d36732aea1f8e21705ce5164224280666f9d7e1da7aa51cd4bd36
,0xFE30A1b29cD3998F0c2EC2EbB2f76FFc974D94A9,1.50E+19,0xbae70e2b9783f4c6583abbafb2f52b730c9d9f1803b5f2d1107247d7d3422d04
,0xFEc3AF6358f81F1201Fddfc2E554b8e2e8524b10,1.00E+19,0x5a6de61919a8fa4570f6d7ac19f22eb937000783d0375092020286fa99a45109
,0xFeB5f1A18e4435a49585EEC2e0A41429674B4a5D,1.50E+19,0x5bee5229d6577ddf061f249a6a1b0d1e0de7400abd393abfabf193c477104723
,0xfdf39de14a563e6d786cebd01231a95aadfb5fe1,1.00E+19,0x011c2c39ca1ead3a16bc5f11104e56a6b8fe0a7f5ec6e6d84c9c739435021d08
,0xFeC3FD5BF8e64fd100edABc87aB74bB4c19613e1,1.00E+19,0x3f5bd823615af383690f320b2dcee74f2380bac1ff5b2e0f234dcdc2bfa625d5
,0xfDDB7D3d0BA42cec550552E5e2DD95744a4586Ed,1.00E+19,0x1354130ad391cae11021e1178c1f4f3a07f92c23c8ee9cac82c1852b7a812efb
,0xfe09f7f9935662b4B9BaDBA1851B1210519D0185,1.00E+19,0x5a17a51ab732ea43c30b2d438e381ae50f03763b8de6d2f0f4b4975701dd6e82
,0xFF3f39D046088Bf92f39f792a9573c95C0177Afd,2.00E+19,0x23de623d9a8e191ee498a561afcebcd9ead3bc6dba046225730a3a8318704a0c
,0xfE449C38660A55AE62d83dAe0e32f50fCB603729,1.00E+19,0x5a79193d2b686817b011664352337199b25ea60718d9aa10c939c25ff34d3c61
,0xfd65a93228290157239f26c65aba3f5ba03c5746,1.00E+19,0x0f71ce0f94b0649b19d9d18631e918ad6ffa528695cbb830ba3ba8234806a327
,0xfeE07Bd9a98D09Af526a3e80f94f613e4E54A593,1.00E+19,0xb5fdf8f083d9aef7d87c16d6a4180b2a7af060c600d9b252933a2208148fc00d
,0xfDBe39652b05FeCda6eE1B9cF0790b19E7492943,6.00E+19,0x8cef266b0690f25c9cba0346b20496a217a6cac9d6e3c25bfb68c1a874bf7b5f
,0xfed16a31c9e5161a31335d5d5ecb9a3968e32a19,5.00E+19,0x2cba4caffbdb1723743c50fa21aa5e860af1c4f2418479cac7341a87aa4d3127
,0xFe99B35fE329F1e1eE62e5Efd70CEE5cf2eB11F9,1.00E+19,0xc99c276b301f528de022de84aa8baac4db428d3c73ecb8e076910fe428bc5bf3
,0xfDa015f66B68B7B52d9183B548a0c7954c4972bB,2.00E+19,0x16ce28b6a6b15025d3c9764f35934abd6649e24710af2e90af0194167ba5aaf0
,0xfde91c99cf742fdc9d733bbda8c417451d63177e,1.00E+19,0x8da79df377b5ddac85976f4c96d2f52a8099e5d31df9c67632948728c32d8bab
,0xFDC1c1C35Ea1C46F9C27e668Cf465975fBC86B76,1.50E+19,0x73f014aec543985af6b576b75c92bfbffa8f51fdb850468c65fb93fb3c120ade
,0xff7a712d5C4D3922eb50fA805Bb5668900026bD7,1.00E+19,0x2111c5baa7d9945c767654c31221ff180e6a37daecc6428eb3b69d1e4ff707c0
